{
  "case_id": "dbrx_moe_data_dep",
  "variant_id": "V6",
  "trial_label": "V6_1",
  "started_at": "2026-04-24T23:29:54Z",
  "elapsed_s": 207.57864093780518,
  "agent_exit_code": 0,
  "diff_path": "/tmp/discovery-runs/dbrx_moe_data_dep/20260424-232954/V6_1/agent_diff.patch",
  "validation": {
    "import_ok": true,
    "eager_ok": true,
    "compile_ok": true,
    "graph_count": 1,
    "graph_break_count": 0,
    "max_diff_vs_eager_baseline": 0.0,
    "error": null,
    "max_diff_compiled_vs_eager_now": 1.1920928955078125e-07
  },
  "perf": {
    "eager_ms": 6.572197191417217,
    "compiled_ms": 2.234336920082569,
    "speedup": 2.94145306929554,
    "eager_peak_mem_mb": 8.77001953125,
    "compiled_peak_mem_mb": 8.73193359375,
    "n_warmup": 5,
    "n_repeat": 20,
    "device": "cuda",
    "compile_s": 3.856862150132656,
    "error": null,
    "tier": "fast",
    "compile_speedup_vs_baseline": 4.320545070841119,
    "eager_speedup_vs_baseline": 1.368539869740619,
    "end_to_end_speedup_vs_baseline_eager": 4.025495800301863
  },
  "perf_tier2": {
    "eager_ms": 6.428869441151619,
    "compiled_ms": 2.121692057698965,
    "speedup": 3.0300671663558516,
    "eager_peak_mem_mb": 157.966796875,
    "compiled_peak_mem_mb": 56.40380859375,
    "n_warmup": 5,
    "n_repeat": 20,
    "device": "cuda",
    "compile_s": 10.543170943390578,
    "error": null,
    "tier": "realistic",
    "compile_speedup_vs_baseline": 4.540295094768802,
    "eager_speedup_vs_baseline": 1.8120643707773463,
    "end_to_end_speedup_vs_baseline_eager": 5.490676753215713
  },
  "flags": [
    "file-mutated:modeling_dbrx.py"
  ],
  "error": null
}