{
  "case_id": "dbrx_moe_data_dep",
  "variant_id": "V1",
  "trial_label": "V1_1",
  "started_at": "2026-04-24T17:53:56Z",
  "elapsed_s": 272.9578719139099,
  "agent_exit_code": 0,
  "diff_path": "/tmp/discovery-runs/dbrx_moe_data_dep/20260424-173949/V1_1/agent_diff.patch",
  "validation": {
    "import_ok": true,
    "eager_ok": true,
    "compile_ok": true,
    "graph_count": 9,
    "graph_break_count": 8,
    "max_diff_vs_eager_baseline": 0.0,
    "error": null,
    "max_diff_compiled_vs_eager_now": 1.4901161193847656e-07
  },
  "perf": {
    "eager_ms": 7.189461961388588,
    "compiled_ms": 8.24412377551198,
    "speedup": 0.8720710844667182,
    "eager_peak_mem_mb": 8.77001953125,
    "compiled_peak_mem_mb": 8.75341796875,
    "n_warmup": 5,
    "n_repeat": 20,
    "device": "cuda",
    "compile_s": 8.060466119088233,
    "error": null,
    "tier": "fast",
    "compile_speedup_vs_baseline": 1.1709617212851178,
    "eager_speedup_vs_baseline": 1.2510413069234183,
    "end_to_end_speedup_vs_baseline_eager": 1.0909969492413658
  },
  "flags": [
    "tier1-tier2-direction-mismatch",
    "file-mutated:modeling_dbrx.py",
    "file-mutated:baseline_dbrx.py"
  ],
  "error": null,
  "perf_tier2": {
    "eager_ms": 7.996418979018927,
    "compiled_ms": 7.507100701332092,
    "speedup": 1.065180726508705,
    "eager_peak_mem_mb": 157.966796875,
    "compiled_peak_mem_mb": 19.56396484375,
    "n_warmup": 5,
    "n_repeat": 20,
    "device": "cuda",
    "compile_s": 7.532949255779386,
    "error": null,
    "tier": "realistic",
    "compile_speedup_vs_baseline": 1.283199523415371,
    "eager_speedup_vs_baseline": 1.45684278040661,
    "end_to_end_speedup_vs_baseline_eager": 1.5518008512424746
  }
}