{
  "case_id": "dbrx_moe_data_dep",
  "variant_id": "V6",
  "trial_label": "V6_3",
  "started_at": "2026-04-24T23:40:12Z",
  "elapsed_s": 295.72093534469604,
  "agent_exit_code": 0,
  "diff_path": "/tmp/discovery-runs/dbrx_moe_data_dep/20260424-232954/V6_3/agent_diff.patch",
  "validation": {
    "import_ok": true,
    "eager_ok": true,
    "compile_ok": true,
    "graph_count": 1,
    "graph_break_count": 0,
    "max_diff_vs_eager_baseline": 0.0,
    "error": null,
    "max_diff_compiled_vs_eager_now": 1.1920928955078125e-07
  },
  "perf": {
    "eager_ms": 5.995158106088638,
    "compiled_ms": 1.9593317992985249,
    "speedup": 3.0597972779470073,
    "eager_peak_mem_mb": 8.77001953125,
    "compiled_peak_mem_mb": 8.73193359375,
    "n_warmup": 5,
    "n_repeat": 20,
    "device": "cuda",
    "compile_s": 3.7431667260825634,
    "error": null,
    "tier": "fast",
    "compile_speedup_vs_baseline": 4.926962023541502,
    "eager_speedup_vs_baseline": 1.5002630004231619,
    "end_to_end_speedup_vs_baseline_eager": 4.590500644899401
  },
  "perf_tier2": {
    "eager_ms": 5.971407052129507,
    "compiled_ms": 2.07435991615057,
    "speedup": 2.8786745278084447,
    "eager_peak_mem_mb": 157.966796875,
    "compiled_peak_mem_mb": 56.40380859375,
    "n_warmup": 5,
    "n_repeat": 20,
    "device": "cuda",
    "compile_s": 9.951379616279155,
    "error": null,
    "tier": "realistic",
    "compile_speedup_vs_baseline": 4.643894228373292,
    "eager_speedup_vs_baseline": 1.9508844660883897,
    "end_to_end_speedup_vs_baseline_eager": 5.615961419225825
  },
  "flags": [
    "file-mutated:modeling_dbrx.py"
  ],
  "error": null
}