{
  "case_id": "dbrx_moe_data_dep",
  "variant_id": "V0",
  "trial_label": "V0_3",
  "started_at": "2026-04-24T17:49:04Z",
  "elapsed_s": 249.0776448249817,
  "agent_exit_code": 0,
  "diff_path": "/tmp/discovery-runs/dbrx_moe_data_dep/20260424-173949/V0_3/agent_diff.patch",
  "validation": {
    "import_ok": true,
    "eager_ok": true,
    "compile_ok": true,
    "graph_count": 1,
    "graph_break_count": 0,
    "max_diff_vs_eager_baseline": 0.0,
    "error": null,
    "max_diff_compiled_vs_eager_now": 1.2665987014770508e-07
  },
  "perf": {
    "eager_ms": 5.680185277014971,
    "compiled_ms": 2.0097619853913784,
    "speedup": 2.8262975010490203,
    "eager_peak_mem_mb": 8.77001953125,
    "compiled_peak_mem_mb": 8.7314453125,
    "n_warmup": 5,
    "n_repeat": 20,
    "device": "cuda",
    "compile_s": 3.741087642032653,
    "error": null,
    "tier": "fast",
    "compile_speedup_vs_baseline": 4.8033316565997,
    "eager_speedup_vs_baseline": 1.5834543152399492,
    "end_to_end_speedup_vs_baseline_eager": 4.475312974187956
  },
  "flags": [
    "file-mutated:modeling_dbrx.py"
  ],
  "error": null,
  "perf_tier2": {
    "eager_ms": 6.010844837874174,
    "compiled_ms": 2.1268008276820183,
    "speedup": 2.826237774425423,
    "eager_peak_mem_mb": 157.966796875,
    "compiled_peak_mem_mb": 56.85693359375,
    "n_warmup": 5,
    "n_repeat": 20,
    "device": "cuda",
    "compile_s": 10.612220639828593,
    "error": null,
    "tier": "realistic",
    "compile_speedup_vs_baseline": 4.529388890956742,
    "eager_speedup_vs_baseline": 1.9380845077362119,
    "end_to_end_speedup_vs_baseline_eager": 5.477487645792782
  }
}