{
  "case_id": "dbrx_moe_data_dep",
  "variant_id": "V6",
  "trial_label": "V6_2",
  "started_at": "2026-04-24T23:34:28Z",
  "elapsed_s": 277.419371843338,
  "agent_exit_code": 0,
  "diff_path": "/tmp/discovery-runs/dbrx_moe_data_dep/20260424-232954/V6_2/agent_diff.patch",
  "validation": {
    "import_ok": true,
    "eager_ok": true,
    "compile_ok": true,
    "graph_count": 1,
    "graph_break_count": 0,
    "max_diff_vs_eager_baseline": 0.0,
    "error": null,
    "max_diff_compiled_vs_eager_now": 1.2665987014770508e-07
  },
  "perf": {
    "eager_ms": 6.9182440638542175,
    "compiled_ms": 2.047027926892042,
    "speedup": 3.3796529949437653,
    "eager_peak_mem_mb": 8.77001953125,
    "compiled_peak_mem_mb": 8.728515625,
    "n_warmup": 5,
    "n_repeat": 20,
    "device": "cuda",
    "compile_s": 4.098434687126428,
    "error": null,
    "tier": "fast",
    "compile_speedup_vs_baseline": 4.715887477567466,
    "eager_speedup_vs_baseline": 1.3000862365125878,
    "end_to_end_speedup_vs_baseline_eager": 4.393840342914936
  },
  "perf_tier2": {
    "eager_ms": 6.048994138836861,
    "compiled_ms": 2.095696981996298,
    "speedup": 2.886387770179814,
    "eager_peak_mem_mb": 157.966796875,
    "compiled_peak_mem_mb": 18.79443359375,
    "n_warmup": 5,
    "n_repeat": 20,
    "device": "cuda",
    "compile_s": 9.713034542277455,
    "error": null,
    "tier": "realistic",
    "compile_speedup_vs_baseline": 4.5966130241807805,
    "eager_speedup_vs_baseline": 1.9258615550469296,
    "end_to_end_speedup_vs_baseline_eager": 5.558783239546937
  },
  "flags": [
    "file-mutated:modeling_dbrx.py"
  ],
  "error": null
}